Ru,Eng
褋械斜褟,myself
写芯谢卸械薪,must
褌芯卸械,Same
褏芯褔械褕褜,Want
写邪胁邪泄,Let's
褔褌芯-褌芯,something
薪懈泻芯谐写邪,never
褝泄,Hey
褌芯谐芯,Togo
褌芯谐写邪,Then
薪械谐芯,him
薪懈,no
褌褍褌,here
斜褘谢懈,were
泻芯薪械褔薪芯,Certainly
锌褉邪胁写邪,Truth
芯斜,about
屑芯褟,my
锌芯卸邪谢褍泄褋褌邪,Please
褌芯斜芯泄,you
褋泻邪蟹邪褌褜,say
褋械谐芯写薪褟,Today
芯写懈薪,one
谢褍褔褕械,better
屑芯卸械褕褜,can
褋褞写邪,here
屑薪芯泄,me
蟹薪邪褔懈褌,Means
褋写械谢邪褌褜,do
胁褋械谐写邪,Always
写械谢芯,case
屑芯卸薪芯,Can
械泄,to her
写芯谢卸薪褘,should
锌芯褉褟写泻械,in order
斜械蟹,without
写械薪褜,day
褌芯屑,volume
斜褍写褍,will
写械谢邪褌褜,do
褏芯褌械谢,wanted
褔械谐芯,what
褝褌懈,these
屑薪芯谐芯,many
锌芯褋谢械,after
褝褌懈屑,this
胁褋械谐芯,total
胁芯,in
褌胁芯泄,your
薪懈屑,him
谢械褌,years
斜芯卸械,God
薪懈褏,them
褋褝褉,sir
胁械写褜,after all
屑懈褋褌械褉,Mister
卸懈蟹薪褜,life
锌芯褌芯屑,Then
薪械泄,her
褌邪泻芯泄,such
泻芯褌芯褉褘泄,which
胁褋械褏,everyone
褔械褉械蟹,through
懈屑,them
胁芯蟹屑芯卸薪芯,Maybe
薪械屑薪芯谐芯,A little
褌邪泻芯械,such
褋谢懈褕泻芯屑,too much
褋械斜械,to myself
蟹邪褔械屑,For what
写芯谢卸薪邪,should
屑芯械泄,mine
谢褞写懈,People
蟹薪邪械褌械,you know
褝褌芯泄,this
写褍屑邪械褕褜,do you think
褋胁芯褞,my
褌芯褔薪芯,exactly
褔械谢芯胁械泻,Human
褌胁芯褟,yours
锌芯写,under
褋泻邪蟹邪谢邪,said
薪邪蟹邪写,back
懈蟹-蟹邪,because of
褝褌褍,this one
屑芯卸械屑,Can
褋谢褍褔懈谢芯褋褜,happened
屑邪屑邪,Mother
屑芯谐,could
胁屑械褋褌械,together
芯褌械褑,father
褋写械谢邪谢,did
屑芯懈,my
泻邪卸械褌褋褟,Seems
写褉褍谐,Friend
泻褍写邪,Where
薪懈泻褌芯,nobody
锌芯褝褌芯屑褍,That's why
褝褌邪,this
泻芯褌芯褉褘械,which